Time,ParticipantID,DatasetID,TechniqueID,RepetitionID,mapPosx,mapPosy,mapPosz,mapRotaionx,mapRotationy,mapRotationz,markerHandPosx,markerHandPosy,markerHandPosz,reletivePosx,reletivePosy,reletivePosz,Lable
0,16,3,0,2,0.5223722,0.8855798,-0.01835066,348.2162,78.00412,299.0455,0.6221152,0.8445387,-0.01523581,7.132826,-1.605317,10.22127,Start
0.0003051758,16,3,0,2,0.5223722,0.8855798,-0.01835066,348.2162,78.00412,299.0455,0.6221152,0.8445387,-0.01523581,7.132826,-1.605317,10.22127,Nothing
0.008972168,16,3,0,2,0.5297222,0.8712323,-0.01894844,352.5222,78.29902,298.1809,0.6221892,0.8444589,-0.01546561,4.788242,-0.5382166,10.13163,Nothing
0.02264404,16,3,0,2,0.5311195,0.8698192,-0.02047969,352.9186,78.68242,297.9745,0.6221986,0.8446,-0.01560725,4.434277,-0.6281286,10.07052,Nothing
0.03045654,16,3,0,2,0.5318928,0.8688598,-0.0214108,353.2174,78.95841,297.9337,0.6221951,0.8446513,-0.01567843,4.200596,-0.6890414,10.04428,Nothing
0.03887939,16,3,0,2,0.5313797,0.8700108,-0.0212224,352.8649,78.91754,298.0657,0.6224051,0.8446157,-0.01531245,4.385425,-0.7943285,10.0871,Nothing
0.04748535,16,3,0,2,0.5316834,0.8703169,-0.022286,352.7494,79.1967,298.1476,0.622439,0.8446454,-0.01528065,4.344203,-0.9861986,10.07402,Nothing
0.05651855,16,3,0,2,0.5311424,0.8716967,-0.02244183,352.3061,79.31152,298.4355,0.6224148,0.844602,-0.01523349,4.54402,-1.156663,10.08358,Nothing
0.06433105,16,3,0,2,0.5314028,0.8725761,-0.02342828,352.0086,79.7046,298.7274,0.622486,0.8445638,-0.01519074,4.584073,-1.426959,10.05227,Nothing
0.07287598,16,3,0,2,0.5306304,0.8735676,-0.02359907,351.6191,79.78211,298.9531,0.6224199,0.8443749,-0.01511405,4.754665,-1.574656,10.08642,Nothing
0.08099365,16,3,0,2,0.529977,0.8758438,-0.02394114,350.8697,80.01673,299.289,0.6223512,0.8443624,-0.01498852,5.058774,-1.876498,10.05806,Nothing
0.08862305,16,3,0,2,0.5294203,0.8766158,-0.02365618,350.6535,79.84889,299.2126,0.6224109,0.8442544,-0.01496018,5.227477,-1.878327,10.0833,Nothing
0.09881592,16,3,0,2,0.5280446,0.8795637,-0.02335202,349.6978,79.7822,299.3774,0.6223866,0.8441979,-0.01485131,5.722169,-2.102691,10.07529,Nothing
0.1062012,16,3,0,2,0.5275512,0.8799408,-0.0228663,349.5636,79.62852,299.3566,0.6222042,0.8442069,-0.01513408,5.843709,-2.026239,10.06998,Nothing
0.1139526,16,3,0,2,0.5257372,0.8828812,-0.02189986,348.5938,79.34256,299.5175,0.6221359,0.8441681,-0.01511253,6.410297,-2.136061,10.06733,Nothing
0.1220093,16,3,0,2,0.5238526,0.885565,-0.02055823,347.7022,78.96673,299.6874,0.6220737,0.8441683,-0.01511377,6.968468,-2.169069,10.06209,Nothing
0.1307373,16,3,0,2,0.5238434,0.8852891,-0.02077818,347.8301,78.94997,299.6179,0.6220414,0.8443491,-0.01524673,6.902614,-2.129887,10.08805,Nothing
0.1392212,16,3,0,2,0.5223824,0.8872418,-0.02023164,347.1914,78.76808,299.6374,0.6219113,0.8444348,-0.01528187,7.274933,-2.191851,10.0911,Nothing
0.1481323,16,3,0,2,0.522632,0.8871564,-0.02060382,347.2504,78.84441,299.5754,0.6219668,0.8445039,-0.01533858,7.223032,-2.217244,10.09019,Nothing
0.1645508,16,3,0,2,0.5227469,0.8866957,-0.02049932,347.3749,78.88854,299.6956,0.6218817,0.844565,-0.0154154,7.146564,-2.182936,10.09443,Nothing
0.1722412,16,3,0,2,0.5229435,0.8869609,-0.02118495,347.3398,79.16289,299.5923,0.621658,0.8446319,-0.01544894,7.102073,-2.301956,10.05946,Nothing
0.1809692,16,3,0,2,0.5233793,0.8866299,-0.02200358,347.4556,79.34216,299.4095,0.6217793,0.8445423,-0.01548601,7.000197,-2.369226,10.06617,Nothing
0.1891479,16,3,0,2,0.5241138,0.8868539,-0.02311246,347.5163,79.6253,299.0912,0.6217077,0.84453,-0.01546919,6.917346,-2.508374,10.00727,Nothing
0.1967163,16,3,0,2,0.5242057,0.8867223,-0.02296086,347.5846,79.56756,299.0726,0.6216692,0.8445575,-0.01541219,6.897983,-2.472574,10.00223,Nothing
0.2056885,16,3,0,2,0.5246432,0.8865901,-0.02329505,347.6991,79.59641,298.943,0.6216499,0.8445758,-0.01549726,6.841183,-2.472576,9.97497,Nothing
0.2139893,16,3,0,2,0.524558,0.8864458,-0.02267352,347.756,79.43298,299.0541,0.6216655,0.8445468,-0.01547737,6.865498,-2.38397,9.980419,Nothing
0.2225342,16,3,0,2,0.5246744,0.8860538,-0.02284661,347.9095,79.42503,298.9622,0.6215464,0.8445544,-0.01545136,6.789186,-2.358616,9.986941,Nothing
0.2305908,16,3,0,2,0.52481,0.8860164,-0.02316469,347.939,79.50532,298.8785,0.6215509,0.8445493,-0.01544358,6.756743,-2.392714,9.985126,Nothing
0.2386475,16,3,0,2,0.5251201,0.8859264,-0.0237476,348.0601,79.63105,298.7018,0.6216345,0.8444206,-0.01545033,6.701537,-2.446404,9.988021,Nothing
0.2470093,16,3,0,2,0.5253304,0.8860745,-0.02479328,348.1119,79.85047,298.4943,0.6217775,0.8441684,-0.01521334,6.655285,-2.61007,10.00693,Nothing
0.2556152,16,3,0,2,0.5252551,0.8862066,-0.02478581,348.0628,79.86792,298.5311,0.6216473,0.8443006,-0.01514576,6.654791,-2.628016,9.99616,Nothing
0.2636719,16,3,0,2,0.5254264,0.8859992,-0.02497363,348.1943,79.88733,298.4544,0.6217168,0.8442776,-0.01521251,6.608607,-2.614662,10.00813,Nothing
0.2719727,16,3,0,2,0.5253738,0.8858216,-0.02456534,348.2242,79.78812,298.5361,0.6217273,0.8442902,-0.01520627,6.612699,-2.552252,10.01383,Nothing
0.2803345,16,3,0,2,0.5255113,0.8855858,-0.0245699,348.3428,79.78151,298.5225,0.6217076,0.8442851,-0.01514046,6.564221,-2.535396,10.01745,Nothing
0.2893066,16,3,0,2,0.5255315,0.8853043,-0.02416811,348.3744,79.69533,298.5923,0.6216286,0.8442075,-0.01536988,6.572976,-2.450613,10.00072,Nothing
0.2978516,16,3,0,2,0.5256346,0.884787,-0.02372055,348.5213,79.58898,298.6455,0.6216303,0.8441901,-0.01535715,6.526953,-2.354824,10.00791,Nothing
0.3058472,16,3,0,2,0.5256308,0.8848087,-0.02364645,348.5162,79.56155,298.6273,0.6217074,0.8444,-0.015436,6.522379,-2.321841,10.01706,Nothing
0.3135986,16,3,0,2,0.5256941,0.8844416,-0.02340699,348.6105,79.48767,298.6024,0.6216845,0.8444569,-0.0154959,6.485777,-2.245123,10.02076,Nothing
0.3223267,16,3,0,2,0.5256479,0.8845033,-0.02342599,348.5981,79.49668,298.5867,0.6215785,0.8445624,-0.01547041,6.479037,-2.248587,10.01468,Nothing
0.3311157,16,3,0,2,0.5257646,0.8842508,-0.02337527,348.6646,79.4548,298.5495,0.6213991,0.8447877,-0.01590127,6.441816,-2.15846,9.98936,Nothing
0.338562,16,3,0,2,0.5257372,0.8843629,-0.02348319,348.6266,79.48342,298.5362,0.6213951,0.8447683,-0.01596985,6.457452,-2.176073,9.985938,Nothing
0.3474121,16,3,0,2,0.5257092,0.8842862,-0.02353468,348.6359,79.49716,298.5224,0.6212265,0.8449039,-0.01611308,6.434496,-2.156235,9.97448,Nothing
0.3555908,16,3,0,2,0.5256674,0.8844302,-0.02361685,348.5952,79.52071,298.5281,0.6211606,0.8449125,-0.01615285,6.449101,-2.176239,9.965261,Nothing
0.3643188,16,3,0,2,0.5256833,0.8843886,-0.02366926,348.5923,79.51836,298.4976,0.621177,0.8449534,-0.01600542,6.432482,-2.188651,9.970967,Nothing
0.3723755,16,3,0,2,0.5256879,0.8844426,-0.02355749,348.5616,79.50096,298.4501,0.6208383,0.8450643,-0.01619048,6.439593,-2.151992,9.923651,Nothing
0.3806152,16,3,0,2,0.5256441,0.884544,-0.02353033,348.5496,79.48903,298.4332,0.6207626,0.845076,-0.01619405,6.452717,-2.151007,9.915709,Nothing
0.3892822,16,3,0,2,0.5256616,0.8847096,-0.02359239,348.5117,79.46941,298.3561,0.6203365,0.845264,-0.01638732,6.454103,-2.130869,9.858896,Nothing
0.397522,16,3,0,2,0.525671,0.884766,-0.02361388,348.5078,79.46763,298.3345,0.6202754,0.8452321,-0.01640073,6.461986,-2.134618,9.848605,Nothing
0.4054565,16,3,0,2,0.525631,0.8849532,-0.02372731,348.4797,79.47234,298.2448,0.6197397,0.8453112,-0.01664102,6.47146,-2.124299,9.784631,Nothing
0.4141235,16,3,0,2,0.5257151,0.8849361,-0.02383264,348.5061,79.49208,298.1987,0.6196352,0.8453302,-0.01666626,6.454132,-2.128116,9.769477,Nothing
0.4221802,16,3,0,2,0.5258484,0.8851826,-0.02405718,348.5126,79.52221,298.0654,0.6190637,0.8454928,-0.01691671,6.444035,-2.125132,9.689252,Nothing
0.4303589,16,3,0,2,0.5260274,0.8850216,-0.02424235,348.5859,79.55724,297.9905,0.6189132,0.8455938,-0.01699287,6.391144,-2.116634,9.669776,Nothing
0.4389648,16,3,0,2,0.5264035,0.8849421,-0.02468012,348.7165,79.61431,297.7252,0.6181126,0.8459533,-0.01734786,6.293214,-2.0812,9.565491,Nothing
0.4475708,16,3,0,2,0.5264985,0.8848361,-0.02475211,348.7586,79.62454,297.6778,0.6180177,0.8459822,-0.01742004,6.26861,-2.068811,9.552211,Nothing
0.4553833,16,3,0,2,0.5272357,0.8842449,-0.02542019,349.064,79.69137,297.1898,0.6169428,0.8465442,-0.01787711,6.055264,-1.980405,9.413933,Nothing
0.4655151,16,3,0,2,0.5274661,0.8838724,-0.0255717,349.1441,79.69495,297.0652,0.6169298,0.846548,-0.01786046,5.994071,-1.961835,9.407088,Nothing
0.4804077,16,3,0,2,0.5285351,0.8828365,-0.02655841,349.6157,79.77695,296.3699,0.6156074,0.8474202,-0.0182967,5.653216,-1.850624,9.241064,Nothing
0.4887695,16,3,0,2,0.5296806,0.8817242,-0.02745924,350.108,79.86223,295.6895,0.61437,0.8482332,-0.01882132,5.31665,-1.729911,9.069542,Nothing
0.4968872,16,3,0,2,0.5309273,0.8804226,-0.02842732,350.6545,79.95533,294.9799,0.6129967,0.8492584,-0.01931821,4.921915,-1.6063,8.880127,Nothing
0.505249,16,3,0,2,0.531052,0.8802912,-0.02842244,350.7135,79.95731,294.9649,0.6128721,0.8494478,-0.01940452,4.878294,-1.578923,8.861432,Nothing
0.5142212,16,3,0,2,0.5323806,0.8789073,-0.02935609,351.2794,80.05266,294.2995,0.6113605,0.850767,-0.01997265,4.441522,-1.443004,8.64521,Nothing
0.5221558,16,3,0,2,0.5324837,0.8788623,-0.02949703,351.2639,80.08945,294.2932,0.6112731,0.850948,-0.02008939,4.412012,-1.442875,8.627172,Nothing
0.5310059,16,3,0,2,0.5336971,0.8778402,-0.03065168,351.7144,80.24092,293.6428,0.6097097,0.8523965,-0.02073588,4.009268,-1.359482,8.400451,Nothing
0.5397949,16,3,0,2,0.5336509,0.8780674,-0.03090589,351.6543,80.28217,293.6404,0.6096717,0.8524815,-0.02076286,4.020207,-1.399387,8.399228,Nothing
0.5551758,16,3,0,2,0.5345787,0.8777269,-0.03212827,351.9015,80.44629,293.0998,0.6079623,0.8544577,-0.02159823,3.668497,-1.337368,8.163919,Nothing
0.5637817,16,3,0,2,0.535414,0.8773829,-0.03315551,352.1339,80.57076,292.5886,0.606142,0.8563502,-0.02246993,3.339789,-1.257476,7.916435,Nothing
0.5715942,16,3,0,2,0.5351847,0.8777444,-0.03299335,352.0244,80.54289,292.6753,0.6060609,0.8564662,-0.02254797,3.392863,-1.248129,7.917879,Nothing
0.5807495,16,3,0,2,0.5359191,0.8775237,-0.03401534,352.1875,80.65408,292.2199,0.6042185,0.8584892,-0.02348243,3.076742,-1.168978,7.672216,Nothing
0.588501,16,3,0,2,0.5358416,0.8776416,-0.03396298,352.1528,80.64394,292.2394,0.6041686,0.8585274,-0.02352541,3.094212,-1.163393,7.67028,Nothing
0.5975342,16,3,0,2,0.5362607,0.8780156,-0.03485724,352.1746,80.74918,291.8253,0.6021394,0.8605558,-0.0246081,2.872138,-1.0907,7.415606,Nothing
0.6048584,16,3,0,2,0.5361672,0.8783066,-0.03506396,352.1127,80.76126,291.7933,0.6021085,0.8606006,-0.02464029,2.900266,-1.12221,7.418741,Nothing
0.6138306,16,3,0,2,0.5364675,0.8789535,-0.03617908,352.0679,80.89389,291.287,0.6000491,0.8625752,-0.02574576,2.715186,-1.087799,7.169106,Nothing
0.6223145,16,3,0,2,0.5366927,0.8795888,-0.03727272,352.0342,81.02108,290.7952,0.5978752,0.8645396,-0.02695828,2.532469,-1.041386,6.913288,Nothing
0.6304932,16,3,0,2,0.5365592,0.8796749,-0.03724056,352.0033,81.0145,290.81,0.5978556,0.8644876,-0.02702985,2.557296,-1.035708,6.920684,Nothing
0.6385498,16,3,0,2,0.5366938,0.8801694,-0.03807686,351.9818,81.09568,290.4162,0.595812,0.8663289,-0.02827043,2.386441,-0.9550942,6.686042,Nothing
0.6471558,16,3,0,2,0.5365394,0.8800511,-0.03766124,352.0016,81.03024,290.5252,0.5959694,0.8661113,-0.02839533,2.423164,-0.8931069,6.711186,Nothing
0.6550903,16,3,0,2,0.5365549,0.8801564,-0.03780624,352.0625,80.97235,290.284,0.5941002,0.8678628,-0.02971488,2.248585,-0.7021322,6.504423,Nothing
0.6635132,16,3,0,2,0.5364949,0.8800259,-0.03752146,352.0878,80.91916,290.334,0.5942836,0.8678038,-0.0297205,2.255788,-0.6599009,6.528935,Nothing
0.6721191,16,3,0,2,0.5364757,0.8799646,-0.03750067,352.1747,80.83453,290.1146,0.5927359,0.8694781,-0.03110565,2.08442,-0.4349396,6.359818,Nothing
0.6803589,16,3,0,2,0.5362948,0.8798381,-0.03727768,352.1932,80.81503,290.1599,0.5930754,0.8693262,-0.03106976,2.103589,-0.4081438,6.415816,Nothing
0.6899414,16,3,0,2,0.5361966,0.879613,-0.03710134,352.3034,80.71754,290.0234,0.5919615,0.8709683,-0.03240779,1.929072,-0.1621975,6.304512,Nothing
0.6968994,16,3,0,2,0.5361549,0.8794861,-0.03694566,352.3207,80.70313,290.1004,0.5921975,0.8708652,-0.03236806,1.935129,-0.1455855,6.334799,Nothing
0.7053223,16,3,0,2,0.5361102,0.8791361,-0.0366029,352.4251,80.59428,290.0732,0.5915532,0.8722191,-0.03357205,1.788635,0.09915675,6.265862,Nothing
0.7133179,16,3,0,2,0.5360319,0.8790851,-0.03647197,352.4148,80.59003,290.1567,0.5917078,0.8721231,-0.03349145,1.801573,0.1032436,6.290399,Nothing
0.7214355,16,3,0,2,0.5357787,0.8789541,-0.03593427,352.4704,80.47418,290.1825,0.5909706,0.8734327,-0.03459281,1.695105,0.3461305,6.226102,Nothing
0.7302246,16,3,0,2,0.5356912,0.8790541,-0.0359128,352.4303,80.47405,290.197,0.5911651,0.8732797,-0.03445282,1.728165,0.3248726,6.255564,Nothing
0.7388306,16,3,0,2,0.5353063,0.8791977,-0.03567459,352.3966,80.3823,290.2197,0.5906216,0.8743871,-0.03543578,1.672888,0.5016602,6.226477,Nothing
0.7469482,16,3,0,2,0.5352625,0.8792809,-0.035715,352.3688,80.39264,290.2153,0.5906138,0.8742902,-0.0354584,1.694909,0.4910168,6.227654,Nothing
0.7556763,16,3,0,2,0.5347099,0.8795714,-0.03543286,352.2602,80.3194,290.2249,0.5900961,0.8753531,-0.03636232,1.669948,0.6544647,6.216675,Nothing
0.7644653,16,3,0,2,0.5341938,0.8798331,-0.03517672,352.1555,80.23263,290.2749,0.5895402,0.8764048,-0.03731913,1.643093,0.820954,6.196713,Nothing
0.772583,16,3,0,2,0.5340513,0.8800577,-0.03507581,352.0827,80.2156,290.3236,0.5895458,0.8765422,-0.03732929,1.668559,0.8291007,6.207976,Nothing
0.7839355,16,3,0,2,0.5334616,0.8803203,-0.03470984,351.9499,80.12679,290.3804,0.5889834,0.877912,-0.03821662,1.613702,1.012579,6.199288,Nothing
0.7932129,16,3,0,2,0.5334778,0.8803945,-0.03485845,351.9283,80.16518,290.3499,0.5889405,0.8780501,-0.03820626,1.599881,0.9931512,6.19732,Nothing
0.8088989,16,3,0,2,0.5328792,0.8806787,-0.03486727,351.7854,80.16062,290.2911,0.5882679,0.8795575,-0.03907853,1.511673,1.131632,6.18924,Nothing
0.8220825,16,3,0,2,0.5324935,0.8808942,-0.03480756,351.6972,80.12487,290.2299,0.5876409,0.8812981,-0.04002395,1.387449,1.300527,6.165061,Nothing
0.8311768,16,3,0,2,0.5321451,0.8810039,-0.03468038,351.6359,80.08256,290.1698,0.5869653,0.8829415,-0.04081334,1.254152,1.460371,6.133544,Nothing
0.8389893,16,3,0,2,0.5321953,0.881005,-0.0345776,351.6611,80.06926,290.1707,0.5869496,0.882957,-0.04076133,1.250919,1.467869,6.12519,Nothing
0.8477783,16,3,0,2,0.5319654,0.8809879,-0.0344389,351.642,80.02858,290.0978,0.5862235,0.8846276,-0.04145157,1.088844,1.623328,6.079404,Nothing
0.8567505,16,3,0,2,0.5320479,0.8809267,-0.03450654,351.6634,80.04263,290.0783,0.5862136,0.8846892,-0.04131208,1.06274,1.604173,6.075767,Nothing
0.8638916,16,3,0,2,0.5318813,0.8808953,-0.03439726,351.6482,80.02003,289.9846,0.5855309,0.8862537,-0.04182827,0.9006912,1.731691,6.030845,Nothing
0.8722534,16,3,0,2,0.5319933,0.8809031,-0.03454148,351.657,80.04922,289.958,0.5856708,0.8863347,-0.04173227,0.8820454,1.706614,6.041046,Nothing
0.880127,16,3,0,2,0.531911,0.8809987,-0.0347808,351.6359,80.06591,289.8388,0.585403,0.8882474,-0.04217961,0.686455,1.797277,6.04711,Nothing
0.8883667,16,3,0,2,0.5319223,0.8810936,-0.03502278,351.6151,80.10896,289.7408,0.5851254,0.8901117,-0.04263527,0.4934351,1.881736,6.041546,Nothing
0.8969727,16,3,0,2,0.5319598,0.8811783,-0.03508113,351.6011,80.12823,289.7631,0.5856098,0.8902845,-0.04260444,0.4922614,1.878711,6.096225,Nothing
0.9052734,16,3,0,2,0.5320134,0.881335,-0.03535836,351.5709,80.183,289.7067,0.5859182,0.8922808,-0.04306667,0.3046203,1.967568,6.154832,Nothing
0.913269,16,3,0,2,0.5320367,0.881385,-0.03534691,351.5634,80.18506,289.7328,0.5862848,0.8923579,-0.04298908,0.3086432,1.965257,6.195693,Nothing
0.9222412,16,3,0,2,0.5321621,0.8814954,-0.03551342,351.5243,80.20161,289.6848,0.5867513,0.8942145,-0.04330665,0.1341931,2.051064,6.262228,Nothing
0.9304199,16,3,0,2,0.5321447,0.8815257,-0.03539955,351.5206,80.16611,289.6857,0.5869372,0.8942242,-0.04326457,0.1451363,2.064226,6.282373,Nothing
0.9389648,16,3,0,2,0.5321379,0.8817937,-0.03535192,351.4699,80.11485,289.5965,0.5876492,0.8961285,-0.04349869,-0.002405394,2.171224,6.385355,Nothing
0.9467163,16,3,0,2,0.5320194,0.8819414,-0.03516999,351.4463,80.02053,289.5133,0.5877409,0.8961716,-0.04341782,0.01960457,2.189935,6.402324,Nothing
0.9550171,16,3,0,2,0.5318367,0.8824303,-0.034875,351.3569,79.84538,289.2852,0.5884138,0.8980599,-0.04365536,-0.08808324,2.32807,6.5078,Nothing
0.9636841,16,3,0,2,0.5317062,0.8824408,-0.0347102,351.3477,79.79565,289.2438,0.5882764,0.898084,-0.0435462,-0.08694128,2.33942,6.504388,Nothing
0.9718628,16,3,0,2,0.5313165,0.8831711,-0.03412799,351.2175,79.48005,288.8633,0.5889592,0.8999619,-0.0437829,-0.1510877,2.515244,6.61892,Nothing
0.9801636,16,3,0,2,0.5312243,0.8833057,-0.03408451,351.2017,79.44387,288.8108,0.5889831,0.8998616,-0.04390184,-0.1167705,2.529155,6.623249,Nothing
0.9884033,16,3,0,2,0.5308784,0.8839971,-0.03364555,351.092,79.16972,288.4174,0.5897646,0.9017493,-0.0442723,-0.1912961,2.703191,6.745285,Nothing
0.9979248,16,3,0,2,0.5308704,0.8840371,-0.03378716,351.106,79.19907,288.3932,0.5898193,0.9017836,-0.0443732,-0.1940963,2.696685,6.754171,Nothing
1.006592,16,3,0,2,0.5306298,0.8845176,-0.03374632,351.059,79.01358,287.9771,0.5906329,0.9038516,-0.0447353,-0.3388993,2.83102,6.885954,Nothing
1.014038,16,3,0,2,0.53066,0.88484,-0.03404339,351.0812,78.95855,287.5333,0.591466,0.9056733,-0.04520353,-0.502024,2.918889,6.996998,Nothing
1.022949,16,3,0,2,0.5307772,0.8847378,-0.03418644,351.1161,79.00224,287.5173,0.5914299,0.9054684,-0.04523796,-0.503852,2.897117,6.981385,Nothing
1.030518,16,3,0,2,0.5309873,0.8848037,-0.03473072,351.2003,79.03478,287.0824,0.5921311,0.9071069,-0.04573782,-0.6995023,2.948671,7.065338,Nothing
1.038269,16,3,0,2,0.5310447,0.8847086,-0.03480572,351.2267,79.06194,287.0891,0.5921035,0.9070266,-0.04573869,-0.7088671,2.93756,7.058129,Nothing
1.047119,16,3,0,2,0.5314629,0.8844927,-0.03545381,351.3826,79.09554,286.6879,0.5927125,0.9084157,-0.04639272,-0.9212394,2.991001,7.104866,Nothing
1.055298,16,3,0,2,0.5315191,0.8843402,-0.03537937,351.4055,79.08902,286.6866,0.5926494,0.9083855,-0.04655332,-0.9330816,3.020626,7.087399,Nothing
1.063965,16,3,0,2,0.5318946,0.884114,-0.03590223,351.549,79.10195,286.2763,0.5930949,0.9098323,-0.04730143,-1.148977,3.097452,7.115195,Nothing
1.071838,16,3,0,2,0.5318803,0.884021,-0.03599458,351.5745,79.11415,286.258,0.5930647,0.9097776,-0.04739349,-1.157939,3.097508,7.113727,Nothing
1.080627,16,3,0,2,0.5321642,0.8837563,-0.03654554,351.7222,79.13477,285.8134,0.5936601,0.9111443,-0.04832312,-1.363552,3.189468,7.163945,Nothing
1.089417,16,3,0,2,0.5320792,0.8837421,-0.03665732,351.7112,79.12645,285.7227,0.5936337,0.9110737,-0.04837904,-1.361115,3.180921,7.170862,Nothing
1.097717,16,3,0,2,0.5322288,0.8837457,-0.03716364,351.7746,79.09011,285.1463,0.5941031,0.9123079,-0.04929877,-1.518738,3.261832,7.214447,Nothing
1.10553,16,3,0,2,0.5321814,0.8838878,-0.03712827,351.7505,79.03979,285.0792,0.5941408,0.9122728,-0.0493117,-1.495567,3.266641,7.218637,Nothing
1.11377,16,3,0,2,0.5320872,0.8843713,-0.03757815,351.7155,78.91264,284.3518,0.5945068,0.9133919,-0.05022041,-1.579256,3.338601,7.266498,Nothing
1.122009,16,3,0,2,0.5319149,0.8847328,-0.03810444,351.6935,78.80464,283.6389,0.5947921,0.9144271,-0.05108553,-1.673286,3.395223,7.317575,Nothing
1.130249,16,3,0,2,0.5317896,0.8850476,-0.0381182,351.624,78.77144,283.5448,0.5946162,0.914274,-0.05108272,-1.618604,3.378932,7.305568,Nothing
1.139465,16,3,0,2,0.5315094,0.8857643,-0.03859553,351.4971,78.61002,282.7384,0.5948212,0.9152367,-0.0519854,-1.655008,3.434433,7.352003,Nothing
1.1474,16,3,0,2,0.5313049,0.8861572,-0.03847906,351.4189,78.53374,282.6646,0.5945994,0.9150898,-0.05188429,-1.587587,3.426983,7.339622,Nothing
1.15625,16,3,0,2,0.5308701,0.8873317,-0.03883278,351.2417,78.26578,281.75,0.5945562,0.9158699,-0.05278371,-1.551645,3.48842,7.35713,Nothing
1.164124,16,3,0,2,0.5307946,0.887481,-0.03877257,351.212,78.22335,281.6953,0.5943331,0.91566,-0.05276603,-1.51246,3.484746,7.33201,Nothing
1.174561,16,3,0,2,0.5300916,0.8890941,-0.03911096,350.9315,77.85631,280.5748,0.5940779,0.9162887,-0.0536634,-1.409231,3.543448,7.34159,Nothing
1.189331,16,3,0,2,0.5295259,0.8909408,-0.04007905,350.6223,77.57124,279.1896,0.5935603,0.9168979,-0.05460161,-1.311389,3.511388,7.319213,Nothing
1.197021,16,3,0,2,0.5296174,0.8910362,-0.04061384,350.6049,77.6725,279.0578,0.5935515,0.9169476,-0.0547044,-1.321322,3.443967,7.323901,Nothing
1.205505,16,3,0,2,0.5293433,0.8926321,-0.04232099,350.3568,77.60423,277.6541,0.5932777,0.9176612,-0.05580433,-1.27965,3.332319,7.32587,Nothing
1.213745,16,3,0,2,0.5295452,0.8924696,-0.04268213,350.4209,77.68816,277.5803,0.5933338,0.9177324,-0.05588654,-1.325514,3.290276,7.323472,Nothing
1.222107,16,3,0,2,0.5296946,0.8935315,-0.04473275,350.3564,77.66718,276.1024,0.5932941,0.9186316,-0.05712104,-1.393643,3.15769,7.319949,Nothing
1.231506,16,3,0,2,0.5301468,0.8928908,-0.0447672,350.5452,77.70007,276.0739,0.5933909,0.9186682,-0.05711926,-1.504538,3.151618,7.289886,Nothing
1.238831,16,3,0,2,0.5306376,0.893196,-0.04670703,350.6708,77.70816,274.6342,0.5933148,0.919534,-0.05827339,-1.679027,3.015801,7.252414,Nothing
1.246887,16,3,0,2,0.5318245,0.8921554,-0.04863448,351.1927,77.78181,273.2991,0.5934507,0.9203479,-0.05932281,-2.049968,2.858342,7.174525,Nothing
1.256409,16,3,0,2,0.5321726,0.8915711,-0.04864528,351.3742,77.77417,273.3495,0.5935212,0.920222,-0.059173,-2.12844,2.840616,7.147812,Nothing
1.2724,16,3,0,2,0.5334671,0.8898841,-0.04967228,352.0611,77.65323,272.2353,0.5935723,0.9210476,-0.05992585,-2.579593,2.76615,7.021214,Nothing
1.28064,16,3,0,2,0.5347154,0.8885031,-0.05067273,352.6646,77.53461,271.0326,0.5936221,0.9218559,-0.06069616,-2.981853,2.674928,6.890185,Nothing
1.288696,16,3,0,2,0.5348217,0.8882142,-0.05037719,352.7234,77.48517,271.0873,0.5936232,0.92187,-0.06040541,-3.023114,2.682056,6.8773,Nothing
1.297546,16,3,0,2,0.5359851,0.8866116,-0.05175709,353.2912,77.41909,269.8729,0.5937564,0.9226311,-0.06087586,-3.431756,2.4945,6.782261,Nothing
1.305115,16,3,0,2,0.5359217,0.8867591,-0.05202027,353.219,77.49567,269.8628,0.5937972,0.922585,-0.06069818,-3.398021,2.43801,6.810033,Nothing
1.314331,16,3,0,2,0.5370336,0.885582,-0.0535744,353.6485,77.50317,268.6911,0.5939321,0.9233221,-0.06101264,-3.724611,2.195223,6.73004,Nothing
1.321838,16,3,0,2,0.5369961,0.8856717,-0.05366543,353.5949,77.55143,268.761,0.5939261,0.923324,-0.06093917,-3.703902,2.176939,6.7419,Nothing
1.331482,16,3,0,2,0.5380248,0.8847405,-0.05519089,353.9322,77.6002,267.749,0.5940371,0.9240124,-0.06110892,-3.968863,1.919589,6.672019,Nothing
1.340454,16,3,0,2,0.5378541,0.8847798,-0.05520721,353.886,77.63316,267.8976,0.5940055,0.9239463,-0.06102104,-3.943771,1.918647,6.693362,Nothing
1.355713,16,3,0,2,0.5387377,0.8841507,-0.05637693,354.1368,77.71033,267.3194,0.5940938,0.9245744,-0.06112426,-4.136926,1.720946,6.630326,Nothing
1.364136,16,3,0,2,0.5395654,0.8835161,-0.05740988,354.3723,77.78039,266.7829,0.5941218,0.925294,-0.0612653,-4.336046,1.542838,6.562704,Nothing
1.372009,16,3,0,2,0.5402957,0.883032,-0.05823083,354.5576,77.84068,266.368,0.5942363,0.9258463,-0.06130176,-4.485806,1.391509,6.511608,Nothing
1.380188,16,3,0,2,0.5400953,0.8832924,-0.05811518,354.4665,77.86156,266.5109,0.5943131,0.9257166,-0.0611859,-4.424022,1.410813,6.546251,Nothing
1.388794,16,3,0,2,0.5405911,0.8833393,-0.05900874,354.4757,77.97564,266.1741,0.5944891,0.9261651,-0.06110723,-4.471939,1.251183,6.540576,Nothing
1.397217,16,3,0,2,0.5404254,0.8837059,-0.05923142,354.3723,78.05079,266.2157,0.5944913,0.9260985,-0.06104884,-4.404041,1.222817,6.571322,Nothing
1.407532,16,3,0,2,0.5408659,0.8840004,-0.06049801,354.3035,78.25102,265.8275,0.5946975,0.9264889,-0.06094411,-4.400998,1.009978,6.588594,Nothing
1.422363,16,3,0,2,0.5409943,0.8849438,-0.06203277,354.0403,78.54984,265.5724,0.5950633,0.9268042,-0.06075261,-4.277785,0.776051,6.67421,Nothing
1.430298,16,3,0,2,0.5408307,0.8851043,-0.06218037,353.9957,78.58141,265.6344,0.5951051,0.9266968,-0.06068972,-4.236084,0.7610173,6.702952,Nothing
1.43927,16,3,0,2,0.5410994,0.8856097,-0.06347038,353.8544,78.81203,265.3474,0.5954112,0.9268718,-0.06044462,-4.164414,0.5456369,6.752108,Nothing
1.447205,16,3,0,2,0.5410085,0.8856734,-0.06334709,353.8335,78.79656,265.3982,0.5954344,0.9268172,-0.06043738,-4.148132,0.5681892,6.762248,Nothing
1.4552,16,3,0,2,0.5411595,0.886218,-0.06446248,353.6812,78.98098,265.134,0.5957587,0.9269518,-0.06031854,-4.066632,0.3981733,6.817686,Nothing
1.463318,16,3,0,2,0.5410754,0.8862913,-0.06422058,353.6876,78.91701,265.1832,0.5957791,0.9268964,-0.06031013,-4.054592,0.4388763,6.821428,Nothing
1.47229,16,3,0,2,0.5411644,0.8866189,-0.06457171,353.5844,78.92976,264.9709,0.5961391,0.9269365,-0.06010589,-4.000776,0.3696727,6.868182,Nothing
1.480591,16,3,0,2,0.5410842,0.8865789,-0.06442463,353.6049,78.89423,264.9983,0.5962396,0.9269072,-0.06004253,-4.003785,0.3889509,6.885128,Nothing
1.489319,16,3,0,2,0.5411764,0.8867912,-0.06468035,353.5412,78.8831,264.7932,0.5966416,0.9268227,-0.05973394,-3.952853,0.3228607,6.933249,Nothing
1.496887,16,3,0,2,0.5411184,0.8868766,-0.0649651,353.4933,78.88512,264.6027,0.5970473,0.9266166,-0.05928709,-3.899791,0.2410756,7.001673,Nothing
1.505432,16,3,0,2,0.5411239,0.8867427,-0.06499239,353.5292,78.89757,264.5977,0.5970804,0.926419,-0.05912789,-3.893928,0.2190835,7.005841,Nothing
1.514465,16,3,0,2,0.5412108,0.8868115,-0.06535254,353.49,78.92423,264.3724,0.5975899,0.9260666,-0.05858759,-3.824274,0.1137442,7.071176,Nothing
1.522034,16,3,0,2,0.541201,0.8867912,-0.0654459,353.5116,78.9564,264.4022,0.5975943,0.9259953,-0.05848926,-3.817828,0.09093464,7.075206,Nothing
1.531311,16,3,0,2,0.541257,0.8868279,-0.06574491,353.4945,78.97789,264.226,0.5981786,0.9255863,-0.05790888,-3.746464,-0.005263751,7.150092,Nothing
1.538757,16,3,0,2,0.5412151,0.886764,-0.06575999,353.5161,78.986,264.2792,0.598178,0.9254327,-0.05784589,-3.737185,-0.00985413,7.15399,Nothing
1.547791,16,3,0,2,0.5412676,0.8866692,-0.06603032,353.5462,79.02416,264.201,0.5988621,0.9249576,-0.0572345,-3.677618,-0.1006378,7.238467,Nothing
1.555298,16,3,0,2,0.5412526,0.8866685,-0.06602918,353.55,79.0279,264.2149,0.5988888,0.9249205,-0.05719991,-3.672978,-0.1026353,7.243243,Nothing
1.564026,16,3,0,2,0.5412462,0.886624,-0.06635427,353.5683,79.07043,264.1617,0.5995933,0.9244351,-0.05662457,-3.60374,-0.1917642,7.33706,Nothing
1.573975,16,3,0,2,0.5412292,0.8866506,-0.06635764,353.5622,79.0723,264.1622,0.5995761,0.9243877,-0.0565655,-3.593538,-0.1980996,7.337813,Nothing
1.588684,16,3,0,2,0.5411476,0.8869811,-0.06694312,353.4868,79.15553,264.0139,0.6001999,0.9237961,-0.05583648,-3.449795,-0.3380828,7.439389,Nothing
1.597229,16,3,0,2,0.5410808,0.8872195,-0.06731795,353.4258,79.21497,263.883,0.6008126,0.9232404,-0.05506364,-3.324894,-0.4571267,7.534591,Nothing
1.605225,16,3,0,2,0.5408333,0.8873612,-0.06719904,353.4003,79.19924,263.923,0.6008264,0.9232233,-0.05505136,-3.302558,-0.4324298,7.561372,Nothing
1.613892,16,3,0,2,0.5406345,0.8877282,-0.06748025,353.3216,79.2282,263.8382,0.6014593,0.9226347,-0.05432077,-3.157257,-0.5235536,7.669337,Nothing
1.623413,16,3,0,2,0.5405284,0.8878998,-0.06784195,353.2618,79.25738,263.7458,0.6014575,0.9226127,-0.05437731,-3.120095,-0.5612225,7.688358,Nothing
1.630676,16,3,0,2,0.5404772,0.8879808,-0.06774484,353.2476,79.24187,263.7749,0.6021403,0.9220352,-0.05375726,-3.027076,-0.5916218,7.774883,Nothing
1.640381,16,3,0,2,0.5403149,0.8883082,-0.06789141,353.1725,79.2372,263.7137,0.6028093,0.9214858,-0.05309417,-2.894095,-0.6546823,7.878697,Nothing
1.655823,16,3,0,2,0.5401858,0.8886021,-0.06767611,353.1375,79.14561,263.7459,0.6032758,0.9209771,-0.05282031,-2.791099,-0.6233128,7.938779,Nothing
1.663513,16,3,0,2,0.5402147,0.8884338,-0.06738316,353.1854,79.09148,263.807,0.6032059,0.9209958,-0.05288072,-2.826979,-0.5785301,7.920317,Nothing
1.672363,16,3,0,2,0.5400599,0.8885143,-0.06691945,353.1904,78.96218,263.8543,0.6034738,0.92054,-0.0525982,-2.766241,-0.5222138,7.957214,Nothing
1.680115,16,3,0,2,0.5399853,0.8884729,-0.06679375,353.2065,78.93906,263.8831,0.6031752,0.9206132,-0.0526983,-2.788022,-0.4991383,7.927659,Nothing
1.688843,16,3,0,2,0.5398477,0.8883252,-0.0658555,353.2582,78.69827,263.9476,0.6032016,0.9202402,-0.05252538,-2.782513,-0.3718368,7.924039,Nothing
1.696777,16,3,0,2,0.5397241,0.8882654,-0.06579892,353.2773,78.67432,263.9354,0.6029834,0.9202931,-0.05261015,-2.801457,-0.3572261,7.910727,Nothing
1.705322,16,3,0,2,0.5395716,0.8880677,-0.06489608,353.3318,78.43298,263.9579,0.6028657,0.9200268,-0.05256262,-2.816717,-0.2268914,7.891394,Nothing
1.713684,16,3,0,2,0.5395982,0.8879868,-0.06485969,353.3413,78.42589,263.9484,0.602807,0.9201004,-0.05262994,-2.838283,-0.2188175,7.880939,Nothing
1.722046,16,3,0,2,0.53952,0.8876932,-0.06403807,353.423,78.21787,263.9805,0.6027394,0.9198483,-0.05256735,-2.868264,-0.1057349,7.860353,Nothing
1.730652,16,3,0,2,0.5395563,0.8876367,-0.06410234,353.4315,78.24064,263.9824,0.6027437,0.919884,-0.05257822,-2.879264,-0.1166694,7.858874,Nothing
1.739319,16,3,0,2,0.5395131,0.887319,-0.06344936,353.5103,78.09212,264.0136,0.6027433,0.919646,-0.05264603,-2.911401,-0.0153461,7.843082,Nothing
1.746826,16,3,0,2,0.5395302,0.8869774,-0.06306598,353.5817,78.02443,264.0439,0.6026857,0.919461,-0.05257523,-2.945398,0.02550481,7.825195,Nothing
1.755066,16,3,0,2,0.5395066,0.8869183,-0.06324878,353.5854,78.0517,264.045,0.6027004,0.9194467,-0.05254346,-2.947176,-0.001846131,7.835229,Nothing
1.763977,16,3,0,2,0.5394982,0.8867334,-0.06314063,353.5996,78.04816,264.0558,0.6026574,0.91929,-0.05242332,-2.952597,-0.003600714,7.831217,Nothing
1.771912,16,3,0,2,0.5394941,0.8867924,-0.06322676,353.5801,78.06991,264.0521,0.6026186,0.9193349,-0.05244314,-2.94741,-0.01453649,7.829798,Nothing
1.784546,16,3,0,2,0.5394368,0.8866901,-0.06327507,353.549,78.09566,264.0768,0.6023557,0.9191845,-0.05230182,-2.936658,-0.04221457,7.812127,Nothing
1.793945,16,3,0,2,0.539412,0.886822,-0.06339204,353.5118,78.12685,264.0854,0.6023371,0.919227,-0.052332,-2.919581,-0.0538606,7.815757,Nothing
1.806091,16,3,0,2,0.539333,0.8869843,-0.06357615,353.4303,78.19708,264.1619,0.6022265,0.9193639,-0.05239746,-2.903321,-0.07181297,7.819083,Nothing
1.822815,16,3,0,2,0.5392315,0.8870691,-0.06381568,353.3774,78.28403,264.2386,0.602314,0.919467,-0.0525812,-2.894355,-0.08025962,7.845049,SelectionStart
1.822815,16,3,0,2,0.5392315,0.8870691,-0.06381568,353.3774,78.28403,264.2386,0.602314,0.919467,-0.0525812,-2.894355,-0.08025962,7.845049,Selecting
1.843506,16,3,0,2,0.5393051,0.8869455,-0.06417192,353.3322,78.47633,264.4153,0.6023886,0.9197254,-0.05279003,-2.92785,-0.1166152,7.85667,Selecting
1.864014,16,3,0,2,0.5394516,0.8868085,-0.06411958,353.3376,78.47414,264.3985,0.6024248,0.9198045,-0.05291998,-2.957177,-0.101745,7.842595,Selecting
1.884216,16,3,0,2,0.5395299,0.8865188,-0.06407203,353.3824,78.46833,264.4205,0.6021128,0.9197928,-0.05296416,-3.000908,-0.1027347,7.797628,Selecting
1.91803,16,3,0,2,0.5395867,0.8861147,-0.06347433,353.4771,78.3216,264.5521,0.6014791,0.9198275,-0.05308175,-3.083366,-0.01904443,7.702961,Selecting
1.971497,16,3,0,2,0.5399826,0.8854209,-0.06388763,353.5054,78.54726,264.6076,0.6019701,0.9203281,-0.05353219,-3.221436,-0.05151682,7.728126,Selecting
2.001709,16,3,0,2,0.5399294,0.8844627,-0.06345615,353.5529,78.62744,264.8973,0.6018381,0.9205927,-0.05380179,-3.377824,0.01909824,7.716855,Selecting
2.033264,16,3,0,2,0.5397887,0.8833847,-0.06265184,353.569,78.51103,265.0157,0.6020183,0.9212537,-0.05441451,-3.59607,0.1917234,7.741673,Selecting
2.087036,16,3,0,2,0.5397297,0.8823139,-0.06224733,353.6683,78.50173,265.2429,0.6017714,0.9222268,-0.05529181,-3.861919,0.3274017,7.710763,Selecting
2.168274,16,3,0,2,0.5395606,0.8826461,-0.06204144,353.6902,78.40611,265.1851,0.6021152,0.9230557,-0.05606994,-3.930162,0.4546246,7.749843,Selecting
2.223145,16,3,0,2,0.5390909,0.8826001,-0.06151608,353.6901,78.23164,265.1569,0.6027938,0.9230744,-0.05640263,-3.938429,0.5998012,7.858149,Selecting
2.381897,16,3,0,2,0.538868,0.8820181,-0.06076631,353.7564,78.19113,265.528,0.6024655,0.9226544,-0.05760662,-3.986217,0.847375,7.79682,Selecting
2.458557,16,3,0,2,0.5392374,0.8814595,-0.06081128,353.8728,78.21847,265.6372,0.6020991,0.9240822,-0.058681,-4.248557,0.9314956,7.706362,Selecting
2.52478,16,3,0,2,0.5390544,0.8810981,-0.06033697,353.8727,78.18734,265.8389,0.6017821,0.9251058,-0.05943829,-4.420256,1.075216,7.678525,Selecting
2.628601,16,3,0,2,0.5389009,0.8809199,-0.06005061,353.9032,78.12257,265.881,0.6015885,0.9258724,-0.05992212,-4.542103,1.164807,7.663436,Selecting
2.749451,16,3,0,2,0.5387284,0.8808027,-0.05995575,353.9038,78.0906,265.9894,0.6014575,0.9257217,-0.06016467,-4.5396,1.216954,7.658768,Selecting
2.827454,16,3,0,2,0.5385654,0.8808827,-0.05981333,353.9044,78.07439,266.1259,0.6013847,0.9260671,-0.06031115,-4.569622,1.26274,7.664887,Selecting
2.943176,16,3,0,2,0.5384264,0.880793,-0.05968501,353.8783,78.04894,266.2022,0.6015757,0.9265106,-0.0603357,-4.624437,1.293687,7.706574,Selecting
3.05658,16,3,0,2,0.5384467,0.880421,-0.05956802,353.9723,78.0477,266.2662,0.6012322,0.926268,-0.06023039,-4.654447,1.289495,7.659181,Selecting
3.14917,16,3,0,2,0.5382306,0.8804444,-0.05938306,353.9459,78.02021,266.3345,0.6013883,0.9260136,-0.060368,-4.61686,1.346623,7.691524,Selecting
3.258667,16,3,0,2,0.5382374,0.8802631,-0.05924155,353.9806,78.04472,266.4802,0.6014659,0.9249926,-0.05990611,-4.516931,1.326357,7.694939,Selecting
3.450256,16,3,0,2,0.5383719,0.8801588,-0.05975473,354.0841,78.08315,266.4214,0.6014103,0.9247872,-0.06012959,-4.51922,1.279177,7.672159,Selecting
3.550781,16,3,0,2,0.5379851,0.880348,-0.05924637,354.0045,77.95604,266.4808,0.6013556,0.9246905,-0.06014985,-4.477126,1.370718,7.696209,Selecting
3.659973,16,3,0,2,0.5380827,0.8803772,-0.05963608,354.0017,78.03557,266.426,0.6012015,0.9246153,-0.06032046,-4.46565,1.326127,7.674162,Selecting
3.744751,16,3,0,2,0.5379698,0.8802709,-0.0594552,354.0373,77.98547,266.4726,0.6007411,0.9246122,-0.06043002,-4.488135,1.359296,7.624923,Selecting
3.851379,16,3,0,2,0.5377856,0.8804923,-0.0594366,354.0092,77.96481,266.4811,0.6003116,0.9244314,-0.06012511,-4.437731,1.326978,7.60072,Selecting
3.963745,16,3,0,2,0.5379266,0.8804585,-0.05974641,354.0475,78.03712,266.5023,0.6005298,0.9239714,-0.05982732,-4.385739,1.255297,7.618012,SelectionEnd
4.064514,16,3,0,2,0.5379266,0.8804585,-0.05974641,354.0475,78.03712,266.5023,0.6005298,0.9239714,-0.05982732,-4.385739,1.255297,7.618012,GotSelection
4.135132,16,3,0,2,0.5379832,0.8804345,-0.05994913,354.0298,78.09412,266.5283,0.6011025,0.9238803,-0.05964382,-4.365494,1.219698,7.687754,Nothing
4.15155,16,3,0,2,0.537964,0.8806326,-0.05993769,354.0025,78.09832,266.5576,0.601053,0.9237567,-0.05948988,-4.322963,1.206927,7.685956,Nothing
4.164246,16,3,0,2,0.5379844,0.8806464,-0.05997688,353.9946,78.12395,266.5812,0.6009272,0.9236235,-0.05932981,-4.303819,1.180335,7.673579,Nothing
4.180115,16,3,0,2,0.537985,0.8805623,-0.0601051,353.9865,78.15263,266.5907,0.6008453,0.9234166,-0.05920736,-4.286591,1.147853,7.669993,Nothing
4.188904,16,3,0,2,0.5380109,0.8805785,-0.06010048,353.9714,78.15777,266.6121,0.6008134,0.9232703,-0.05913508,-4.265307,1.140935,7.664301,Nothing
4.206055,16,3,0,2,0.5380521,0.8806089,-0.06004266,353.9584,78.14736,266.6438,0.6008556,0.9230529,-0.05926792,-4.236125,1.168072,7.657539,Nothing
4.221985,16,3,0,2,0.5381255,0.8805861,-0.06012133,353.9783,78.16735,266.6628,0.6008912,0.9229324,-0.05925418,-4.226459,1.156052,7.653305,Nothing
4.230896,16,3,0,2,0.5381556,0.8805302,-0.06013867,353.9943,78.16913,266.6533,0.6008875,0.9229236,-0.05929758,-4.234797,1.156816,7.648303,Nothing
4.239258,16,3,0,2,0.5382138,0.8804109,-0.06022005,354.0208,78.18249,266.6442,0.6008524,0.9227479,-0.05928288,-4.231954,1.141442,7.637714,Nothing
4.255005,16,3,0,2,0.5382611,0.8802915,-0.06019567,354.046,78.18076,266.6161,0.600716,0.9224542,-0.05914447,-4.216585,1.123121,7.615631,Nothing
4.264648,16,3,0,2,0.5383366,0.8802139,-0.06017945,354.064,78.175,266.5939,0.600653,0.9221948,-0.05906742,-4.199318,1.112999,7.597724,Nothing
4.2724,16,3,0,2,0.5383236,0.8802528,-0.06014055,354.0604,78.16949,266.5964,0.600592,0.922171,-0.05896048,-4.191466,1.105415,7.593271,Nothing
4.289001,16,3,0,2,0.5383798,0.8802183,-0.06007373,354.0696,78.15866,266.5955,0.6006452,0.9218917,-0.05890565,-4.164644,1.109594,7.588797,Nothing
4.297363,16,3,0,2,0.5384178,0.8801311,-0.06010496,354.0811,78.16017,266.6154,0.6006655,0.9216995,-0.05890861,-4.153536,1.107839,7.585416,Nothing
4.313354,16,3,0,2,0.538397,0.8802512,-0.0601399,354.0698,78.17778,266.6352,0.6007062,0.9214734,-0.05879742,-4.109494,1.094426,7.592906,Nothing
4.330261,16,3,0,2,0.5383865,0.8803623,-0.0602877,354.0362,78.20086,266.6296,0.6007426,0.9212551,-0.05866579,-4.063772,1.06305,7.603764,Nothing
4.347656,16,3,0,2,0.5384071,0.8804314,-0.0604364,354.0253,78.23397,266.6162,0.6008014,0.9211386,-0.05855364,-4.038012,1.030613,7.613511,Nothing
4.363892,16,3,0,2,0.5384321,0.8804069,-0.06041803,354.0369,78.23675,266.5909,0.6008472,0.9210607,-0.05843348,-4.03263,1.017702,7.616887,Nothing
4.3797,16,3,0,2,0.5383939,0.8803779,-0.06040806,354.0448,78.21568,266.5605,0.6010056,0.9210842,-0.05848384,-4.03902,1.029421,7.63738,Nothing
4.396667,16,3,0,2,0.5383254,0.8803273,-0.06028983,354.056,78.16101,266.5329,0.6011953,0.9211632,-0.05855358,-4.055615,1.061014,7.661767,Nothing
4.412903,16,3,0,2,0.5383146,0.8803154,-0.06020907,354.0558,78.13496,266.5339,0.6012491,0.9212307,-0.05854629,-4.06504,1.073741,7.667709,Nothing
4.429993,16,3,0,2,0.5383124,0.88034,-0.06026153,354.0468,78.1469,266.5542,0.6013611,0.9213338,-0.0585998,-4.071229,1.076132,7.682478,Nothing
4.447021,16,3,0,2,0.5381751,0.8805051,-0.06031689,354.0172,78.1749,266.5834,0.6013966,0.9215041,-0.05863537,-4.065063,1.076875,7.705307,Nothing
4.463074,16,3,0,2,0.5380655,0.8806471,-0.06025911,353.9827,78.16,266.5959,0.6015272,0.9216818,-0.05875766,-4.063611,1.106031,7.730761,Nothing
4.479675,16,3,0,2,0.5379527,0.8807718,-0.06013525,353.9561,78.12196,266.5979,0.6015993,0.9218266,-0.05877469,-4.062041,1.131634,7.749576,Nothing
4.497131,16,3,0,2,0.5379144,0.8808449,-0.06018551,353.9523,78.12934,266.5854,0.6016015,0.9218095,-0.05871896,-4.049875,1.119414,7.756025,Nothing
4.51416,16,3,0,2,0.5379433,0.880881,-0.06029903,353.97,78.16096,266.5746,0.6016603,0.9217865,-0.05865701,-4.043363,1.095697,7.762368,Nothing
4.530701,16,3,0,2,0.5380465,0.8807995,-0.06035028,353.9891,78.16906,266.5816,0.6017212,0.9216824,-0.05857698,-4.042351,1.079204,7.759285,Nothing
4.547058,16,3,0,2,0.5381242,0.8807259,-0.06025876,354.0026,78.1571,266.6388,0.6017752,0.921549,-0.05849626,-4.036649,1.085706,7.754401,Nothing
4.563171,16,3,0,2,0.5381746,0.8806854,-0.06028575,354.0078,78.17781,266.6959,0.6019108,0.9215162,-0.0585047,-4.035881,1.086982,7.76471,Nothing
4.582214,16,3,0,2,0.5381874,0.8807333,-0.06018976,353.9786,78.17767,266.7238,0.6020439,0.9214406,-0.05845475,-4.016273,1.098191,7.777768,Nothing
4.597229,16,3,0,2,0.5381297,0.8809124,-0.06017934,353.9202,78.16639,266.7522,0.6021523,0.921288,-0.0585261,-3.968529,1.117617,7.794317,Nothing
4.61377,16,3,0,2,0.5380695,0.8811724,-0.06026287,353.8527,78.18214,266.7893,0.6022657,0.9212197,-0.05846069,-3.917308,1.108133,7.818371,Nothing
4.630554,16,3,0,2,0.5380529,0.8813642,-0.06026072,353.8088,78.19418,266.8406,0.6024007,0.9210643,-0.05841047,-3.868,1.110894,7.835564,Nothing
4.646606,16,3,0,2,0.5380856,0.8813898,-0.06018939,353.8107,78.20364,266.9391,0.6024628,0.9209639,-0.05843353,-3.852162,1.12854,7.835171,Nothing
4.663574,16,3,0,2,0.5380863,0.8810911,-0.05944995,353.896,78.09525,267.197,0.6025451,0.920947,-0.05846269,-3.897582,1.247034,7.821384,Nothing
4.680115,16,3,0,2,0.5379972,0.8808251,-0.05801414,353.9993,77.83127,267.6308,0.6024732,0.9208331,-0.05838624,-3.931531,1.463987,7.778403,Nothing
4.696777,16,3,0,2,0.5376954,0.8805329,-0.05615629,354.0775,77.50891,268.1462,0.6025358,0.920793,-0.0584126,-3.968128,1.762476,7.760954,Nothing
4.704773,16,3,0,2,0.537463,0.8803611,-0.05446349,354.132,77.21943,268.6598,0.6025673,0.9207534,-0.05840447,-3.982722,2.03241,7.735852,Nothing
4.712952,16,3,0,2,0.5373501,0.8804314,-0.05444156,354.1042,77.21598,268.7361,0.6026068,0.920788,-0.05848671,-3.970993,2.054119,7.751757,Nothing
4.721252,16,3,0,2,0.5370331,0.8804472,-0.05280589,354.0979,76.98486,269.4166,0.6026565,0.9207604,-0.05847554,-3.943706,2.324584,7.742013,Nothing
4.729614,16,3,0,2,0.537008,0.8805145,-0.05279625,354.0826,77.00884,269.4701,0.6026218,0.9208035,-0.05844152,-3.93656,2.322242,7.743297,Nothing
4.738403,16,3,0,2,0.5368371,0.8805799,-0.05138777,354.0818,76.93237,270.3015,0.6027313,0.9207857,-0.0583622,-3.892464,2.546985,7.73606,Nothing
4.746216,16,3,0,2,0.5368221,0.8806663,-0.05159249,354.0656,77.03391,270.3682,0.6027356,0.9207968,-0.05832913,-3.877505,2.512024,7.749052,Nothing
4.757629,16,3,0,2,0.5367299,0.88069,-0.0507543,354.0359,77.12652,271.2206,0.602721,0.9206797,-0.0582681,-3.818485,2.647435,7.742062,Nothing
4.771912,16,3,0,2,0.5366515,0.8811008,-0.05047163,353.8642,77.3461,272.0268,0.6028098,0.9206632,-0.05816304,-3.705734,2.694704,7.772426,Nothing
4.78241,16,3,0,2,0.5364518,0.8815752,-0.0503643,353.666,77.55401,272.6824,0.6028824,0.9206157,-0.05808619,-3.583842,2.716372,7.818025,Nothing
4.789673,16,3,0,2,0.5364168,0.8818415,-0.05056458,353.5681,77.54256,272.5502,0.6029552,0.9205815,-0.05808004,-3.540971,2.686595,7.83725,Nothing
4.805298,16,3,0,2,0.5358181,0.8828252,-0.05020892,353.1759,77.50928,272.7622,0.6030952,0.9204853,-0.05806197,-3.340863,2.751854,7.920658,Nothing
4.814148,16,3,0,2,0.5353,0.8836505,-0.04999689,352.8731,77.51847,273.0807,0.6032679,0.9203863,-0.05803763,-3.165777,2.79938,7.999196,Nothing
4.821777,16,3,0,2,0.5353054,0.8834651,-0.04984567,352.9208,77.42272,272.9297,0.6032901,0.9203529,-0.05801692,-3.196642,2.820099,7.992861,Nothing
4.8302,16,3,0,2,0.5348642,0.8838395,-0.04952288,352.7445,77.39185,273.1424,0.6034951,0.9201955,-0.05788559,-3.089434,2.868942,8.061896,Nothing
4.838928,16,3,0,2,0.5350698,0.8834115,-0.04956887,352.8761,77.4066,273.1083,0.6035349,0.9201676,-0.05795022,-3.158313,2.866698,8.041713,Nothing
4.846375,16,3,0,2,0.5348908,0.8833696,-0.04920989,352.8059,77.3989,273.2933,0.6037208,0.9200359,-0.05785401,-3.122244,2.915565,8.078623,Nothing
4.85498,16,3,0,2,0.5350539,0.8830881,-0.0492981,352.8992,77.42831,273.2723,0.6037101,0.9200093,-0.05780605,-3.169053,2.893207,8.062139,Nothing
4.862976,16,3,0,2,0.5351609,0.882558,-0.04919541,353.0084,77.46732,273.3813,0.6039525,0.9198245,-0.05770462,-3.216733,2.900767,8.077759,Nothing
4.871094,16,3,0,2,0.5352187,0.8825423,-0.04918215,353.0177,77.47137,273.3515,0.6039602,0.9198083,-0.05770048,-3.220211,2.898441,8.071507,Nothing
4.879639,16,3,0,2,0.5353484,0.8820991,-0.0491577,353.1191,77.50758,273.3941,0.6042278,0.9196383,-0.05761234,-3.262096,2.894857,8.088178,Nothing
4.888062,16,3,0,2,0.5354428,0.8817626,-0.04920049,353.2027,77.52424,273.3582,0.6044987,0.9195169,-0.05749867,-3.298485,2.879252,8.110746,Nothing
4.897156,16,3,0,2,0.5353642,0.8819624,-0.04916305,353.1617,77.47938,273.2476,0.6045185,0.9195443,-0.05751841,-3.276604,2.886311,8.118414,Nothing
4.907043,16,3,0,2,0.5354074,0.8818774,-0.04918192,353.198,77.44553,273.1497,0.6048262,0.9194496,-0.05746847,-3.28177,2.884124,8.146109,Nothing
4.922058,16,3,0,2,0.5353161,0.8821505,-0.04925594,353.1689,77.41808,273.0441,0.6050624,0.9194816,-0.05752212,-3.250266,2.885803,8.180711,Nothing
4.938782,16,3,0,2,0.5351968,0.8823466,-0.04947501,353.1404,77.45197,273.0056,0.6051953,0.919507,-0.05759226,-3.225177,2.867064,8.213814,Nothing
4.955811,16,3,0,2,0.5349721,0.882682,-0.04950282,353.0884,77.46397,273.0136,0.605347,0.9195049,-0.05764522,-3.172659,2.87553,8.25456,Nothing
4.972168,16,3,0,2,0.5348337,0.8829653,-0.04957353,353.0265,77.465,273.016,0.6054999,0.9194884,-0.05758018,-3.125002,2.86494,8.290221,Nothing
4.980713,16,3,0,2,0.5348033,0.8829817,-0.04954361,353.0136,77.46034,273.0315,0.605503,0.9195287,-0.0575785,-3.124524,2.870497,8.294147,Nothing
4.989563,16,3,0,2,0.5346699,0.8832536,-0.04956399,352.9422,77.45182,273.0393,0.6056184,0.9195782,-0.05761096,-3.084287,2.877654,8.322401,Nothing
5.005432,16,3,0,2,0.5343657,0.883734,-0.04942081,352.8135,77.41745,273.0605,0.6057414,0.9196884,-0.05764224,-3.014634,2.910571,8.366429,Nothing
5.021667,16,3,0,2,0.5340337,0.8842911,-0.04948755,352.6461,77.43214,273.0956,0.6058922,0.9197628,-0.05768098,-2.925199,2.914706,8.424277,Nothing
5.03009,16,3,0,2,0.5337346,0.8847938,-0.04952725,352.501,77.43967,273.1303,0.6060018,0.9198852,-0.05772455,-2.851642,2.922316,8.472593,Nothing
5.037964,16,3,0,2,0.533745,0.884747,-0.04961861,352.4749,77.45313,273.1583,0.6059744,0.9198946,-0.05773257,-2.853721,2.911569,8.473297,Nothing
5.047241,16,3,0,2,0.533451,0.8852506,-0.04968163,352.3243,77.472,273.2138,0.6060431,0.9200113,-0.05775538,-2.778197,2.912208,8.517925,Nothing
5.05481,16,3,0,2,0.5334084,0.8852936,-0.04972513,352.3192,77.47779,273.2245,0.6059644,0.9200502,-0.05775427,-2.777161,2.90589,8.515442,Nothing
5.063965,16,3,0,2,0.533115,0.8857383,-0.04976687,352.1804,77.51954,273.2967,0.6060321,0.9201699,-0.05777556,-2.70949,2.906599,8.560552,Nothing
5.080933,16,3,0,2,0.5329195,0.8860473,-0.04989152,352.0911,77.57366,273.3513,0.6060992,0.9202697,-0.05772755,-2.665457,2.886031,8.598102,Nothing
5.088379,16,3,0,2,0.5329667,0.8859932,-0.0498159,352.1195,77.56303,273.3488,0.6061081,0.920208,-0.05764496,-2.669605,2.885903,8.591927,Nothing
5.097473,16,3,0,2,0.5327743,0.8862605,-0.049861,352.0439,77.59111,273.4013,0.6062241,0.9202977,-0.05760114,-2.630236,2.879781,8.631075,Nothing
5.104736,16,3,0,2,0.5328358,0.8860803,-0.04972832,352.0944,77.55347,273.3942,0.6062354,0.9203162,-0.05760597,-2.661408,2.901054,8.620934,Nothing
5.113159,16,3,0,2,0.5327011,0.8862128,-0.04955887,352.0688,77.51104,273.4333,0.6063663,0.9203893,-0.05754048,-2.643751,2.926517,8.646564,Nothing
5.120972,16,3,0,2,0.5327014,0.8861001,-0.04932863,352.1003,77.43761,273.4215,0.6063879,0.9204266,-0.05757075,-2.665009,2.967911,8.63977,Nothing
5.130005,16,3,0,2,0.5325303,0.8861118,-0.04904386,352.0977,77.34007,273.4535,0.6066391,0.9205979,-0.0577016,-2.672538,3.041991,8.674726,Nothing
5.139587,16,3,0,2,0.5323448,0.8859586,-0.04839023,352.1389,77.13706,273.4572,0.6068123,0.9207814,-0.05776139,-2.7085,3.163909,8.689922,Nothing
5.155334,16,3,0,2,0.5323822,0.8848354,-0.04787415,352.4355,76.87202,273.2692,0.6069998,0.9210215,-0.05790243,-2.916124,3.282916,8.681537,Nothing
5.163147,16,3,0,2,0.5326904,0.8843293,-0.04843796,352.5792,77.0025,273.2028,0.606967,0.9210385,-0.0579082,-3.009248,3.19346,8.66474,Nothing
5.181152,16,3,0,2,0.5332623,0.8829878,-0.04895063,352.9756,77.11942,273.0823,0.6069745,0.9212946,-0.0579217,-3.270382,3.112666,8.620627,End
Supposed to be selected_Selected,225264,Not supposed to be selected_Not Selected,127493,Supposed to be selected_Not Selected,16260,Not supposed to be selected_Selected,0
